prospect_id,_fivetran_deleted,_fivetran_synced,address_one,address_two,annual_revenue,campaign_id,city,comments,company,country,created_timestamp,crm_account_fid,crm_contact_fid,crm_last_sync,crm_lead_fid,crm_owner_fid,crm_url,department,email,employees,fax,first_name,grade,industry,is_do_not_call,is_do_not_email,is_reviewed,is_starred,job_title,last_activity_at,last_name,notes,opted_out,password,phone_number,prospect_account_id,recent_interaction,salutation,score,prospect_source,state,territory,updated_timestamp,user_id,website,years_in_business,zip
402952953,f,2020-03-07 08:10:45.654 UTC,,,,64180,,,iSBtXDPBGrIwAxXnCxxaPQ==,,2019-07-11 19:29:00 UTC,,7JbbSxFyL6OsXn0wRZ9Hag==,2019-07-14 03:21:17 UTC,,QEaGoY7B8nGfro2vhOCMvA==,https://fivetran.my.salesforce.com/0031G00000ts74SQAQ,,WU73Uvo8yBmv+Xx1M15qDg==,144,,2OpIvFqCqf1rgPcN1R/DDA==,C,Telecommunications,,,t,,1c5eNS3RDudwLQXEy2colw==,,oKHnE5L8EwQbBPdDxnJ8og==,,,,g6CnwrEbA2YXdXaCfCG+rg==,9180509,Never active.,,0,+7igq+COaxeDmUWJwwgrWw==,,,2020-03-06 23:32:07 UTC,15064353,http://tpx.com,,
402952943,f,2020-03-18 02:08:49.997 UTC,,,,64180,/ZM4WTsaXsF2YWuOu7kNLA==,,/kB7bkO+2iTf72ncCJFuOg==,8lPv4wLTKrJkp24M5lvnaQ==,2019-07-11 19:28:54 UTC,,dKYxy/ffbFncQ/xM6o2o8A==,2019-09-04 08:34:07 UTC,,QEaGoY7B8nGfro2vhOCMvA==,https://fivetran.my.salesforce.com/0031G00000ts74TQAQ,,va9u2vDzt7wauQ2anVJeOA==,151,,aho3bYFpz8GDX1msk07btw==,D,Biotechnology,,,t,,P66/uVGJZUWskyUGOe+9wA==,,6hPQG9sXFMJVG4/SA5KUJg==,,,,9uwN+Vh0O+i1XiMURlv3hg==,9180485,Never active.,,0,+7igq+COaxeDmUWJwwgrWw==,California,,2020-03-17 18:16:41 UTC,15064353,http://labcyte.com,,
402952941,f,2020-03-21 10:08:18.487 UTC,,,,64180,JMU8rLp1i0/uO+vCLZpj0w==,,/kB7bkO+2iTf72ncCJFuOg==,8lPv4wLTKrJkp24M5lvnaQ==,2019-07-11 19:28:53 UTC,,OvDKSoAI9esRRdTo2eXobQ==,2019-08-05 15:44:36 UTC,,QEaGoY7B8nGfro2vhOCMvA==,https://fivetran.my.salesforce.com/0031G00000ts74UQAQ,,0VCw+IUi9G5TrbGye8Uhtw==,151,,SmSvRpCqx17wZoY4jxMDoA==,D,Biotechnology,,,t,,HRJ0b+JT0uP89GhPtcmTvA==,,vM1ew+yP06RHHnHptAfGDA==,,,,9uwN+Vh0O+i1XiMURlv3hg==,9180485,Never active.,,0,+7igq+COaxeDmUWJwwgrWw==,California,,2020-03-21 02:12:39 UTC,15064353,http://labcyte.com,,
402952939,f,2020-03-17 23:11:11.625 UTC,,,,64180,8wbGTyMpeWLQDruuOqyFog==,,mzKq0si+6t2WoO0punMK7g==,8lPv4wLTKrJkp24M5lvnaQ==,2019-07-11 19:28:52 UTC,,A5Trsrp1Qrav2qLQW46RBQ==,2019-07-14 03:21:17 UTC,,QEaGoY7B8nGfro2vhOCMvA==,https://fivetran.my.salesforce.com/0031G00000ts74VQAQ,,lelZJRWpcl+tD8w1H1q0Uw==,143,,XDmxjXfV8pf/kuSULlUitQ==,C,Marketing and Advertising,,,t,,Wm+hTZS0Tl7TifU0CrnmRQ==,,/dGZpTdKo/vm9U8QAG6upw==,,,,,9180495,Never active.,,0,+7igq+COaxeDmUWJwwgrWw==,Illinois,,2020-03-17 15:40:01 UTC,15064353,http://iab.com,,
402952927,f,2020-03-18 02:08:49.995 UTC,,,,64180,IQvsbJxBpTX1vLcwfOXt3A==,,PLSrXVr1aXx7VjJTNTk1qA==,8lPv4wLTKrJkp24M5lvnaQ==,2019-07-11 19:28:44 UTC,,ycHW2Hp84OVeEg1PaNm8Vg==,2019-09-04 08:34:07 UTC,,QEaGoY7B8nGfro2vhOCMvA==,https://fivetran.my.salesforce.com/0031G00000ts74lQAA,,tETWEQ+GT/XAlAJHw7kZiA==,116,,Ry1Gy4KQGPnb1l+4R5pJuw==,D+,Computer Software,,,t,,IwJD+73IH2buHi2moM6syQ==,,B6v1/SXMMVYhPGJ0DW9Qgw==,,,,J9qZbS8uXw0rU/ELIEw3sw==,9180405,Never active.,,0,+7igq+COaxeDmUWJwwgrWw==,Pennsylvania,,2020-03-17 18:16:41 UTC,15064353,http://srs-health.com,,
402952925,f,2020-03-18 02:08:49.994 UTC,,,,64180,h4CclUlI2KIFB77jZIKBsw==,,PLSrXVr1aXx7VjJTNTk1qA==,8lPv4wLTKrJkp24M5lvnaQ==,2019-07-11 19:28:43 UTC,,67UFEpYEqoNGqAs8C9jFIw==,2019-09-04 08:34:07 UTC,,QEaGoY7B8nGfro2vhOCMvA==,https://fivetran.my.salesforce.com/0031G00000ts74mQAA,,XnnzeNIJNkJ5jbmA3r/Ncw==,116,,ELmyZgd/uy1j+9Sl+OGZqA==,D+,Computer Software,,,t,,T8ySu4DpNLdFuueg99VHhQ==,,V4rY4Q3E7bUv8r1OybyTow==,,,,J9qZbS8uXw0rU/ELIEw3sw==,9180405,Never active.,,0,+7igq+COaxeDmUWJwwgrWw==,New York,,2020-03-17 18:16:41 UTC,15064353,http://srs-health.com,,
402952923,f,2020-03-18 02:08:49.994 UTC,,,,64180,bjMPYTe41QxWVaE7A+4HAw==,,PLSrXVr1aXx7VjJTNTk1qA==,8lPv4wLTKrJkp24M5lvnaQ==,2019-07-11 19:28:42 UTC,,uAqp2tGdelNwamirtFPpdQ==,2019-09-04 08:34:07 UTC,,QEaGoY7B8nGfro2vhOCMvA==,https://fivetran.my.salesforce.com/0031G00000ts74nQAA,,M4Z+YFHjHDUqKhND8wyfnA==,116,,ycOHdCZcXNzQTLEwfPeX+A==,D+,Computer Software,,,t,,T8ySu4DpNLdFuueg99VHhQ==,,jYS/ng5sbXhQrb9OA8Z+ag==,,,,J9qZbS8uXw0rU/ELIEw3sw==,9180405,Never active.,,0,+7igq+COaxeDmUWJwwgrWw==,New York,,2020-03-17 18:16:41 UTC,15064353,http://srs-health.com,,
402952921,f,2020-03-18 02:08:49.993 UTC,,,,64180,iyK65b0s/rUvVbML2b6axw==,,PLSrXVr1aXx7VjJTNTk1qA==,8lPv4wLTKrJkp24M5lvnaQ==,2019-07-11 19:28:41 UTC,,7QDqvSjHaBcUBqB5o7t5Cw==,2019-09-04 08:34:07 UTC,,QEaGoY7B8nGfro2vhOCMvA==,https://fivetran.my.salesforce.com/0031G00000ts74oQAA,,njYQMm5WdmhkH83NpYI7aw==,116,,LGbnYGwyIJV16q2gPsMhNw==,D+,Computer Software,,,t,,7H1Ohw/vlfiIqAv950T6aQ==,,fezi5ZcGJp5Jh5UbXju8cw==,,,,J9qZbS8uXw0rU/ELIEw3sw==,9180405,Never active.,,0,+7igq+COaxeDmUWJwwgrWw==,New Jersey,,2020-03-17 18:16:41 UTC,15064353,http://srssoft.com,,
402952919,f,2020-03-18 02:08:49.992 UTC,,,,64180,h4CclUlI2KIFB77jZIKBsw==,,PLSrXVr1aXx7VjJTNTk1qA==,8lPv4wLTKrJkp24M5lvnaQ==,2019-07-11 19:28:40 UTC,,tmISDoImnuwBij9RPzNjbQ==,2019-09-04 08:34:07 UTC,,QEaGoY7B8nGfro2vhOCMvA==,https://fivetran.my.salesforce.com/0031G00000ts74pQAA,,Sd0d9G7BtIeMYHvm5OT0mw==,116,,EDtq++b/2QQSt4NkERGB2A==,D+,Computer Software,,,t,,JbbrgPDzZPZKbzImhpawHQ==,,h9MoK3ULR2OrGFNmXXpRrg==,,,,J9qZbS8uXw0rU/ELIEw3sw==,9180405,Never active.,,0,+7igq+COaxeDmUWJwwgrWw==,New York,,2020-03-17 18:16:41 UTC,15064353,http://srs-health.com,,
402952917,f,2020-03-18 02:08:50.042 UTC,,,,64180,qOHxAASfKa9j/bsICM5ctw==,,PLSrXVr1aXx7VjJTNTk1qA==,8lPv4wLTKrJkp24M5lvnaQ==,2019-07-11 19:28:39 UTC,,zj7y5+LXu3MTVi3BoEwnfw==,2019-09-04 08:34:07 UTC,,QEaGoY7B8nGfro2vhOCMvA==,https://fivetran.my.salesforce.com/0031G00000ts74qQAA,,UDmBvrgpx+E5XRAX4o1oug==,116,,JiAxOXAg/Y30eOwTtLCWxQ==,D+,Computer Software,,,t,,JbbrgPDzZPZKbzImhpawHQ==,,zqNR8/apZ3ZAjldhFz8ifQ==,,,,J9qZbS8uXw0rU/ELIEw3sw==,9180405,Never active.,,0,+7igq+COaxeDmUWJwwgrWw==,New York,,2020-03-17 18:16:49 UTC,15064353,http://srs-health.com,,
402952915,f,2020-03-18 00:12:54.616 UTC,,,,64180,h4CclUlI2KIFB77jZIKBsw==,,PLSrXVr1aXx7VjJTNTk1qA==,8lPv4wLTKrJkp24M5lvnaQ==,2019-07-11 19:28:38 UTC,,iFC7soHc0QtRCCJ5NEh6LA==,2019-08-05 16:42:58 UTC,,QEaGoY7B8nGfro2vhOCMvA==,https://fivetran.my.salesforce.com/0031G00000ts74rQAA,,nBo1mN2v7BJCaCPTOx7Lbg==,116,,M7hZyT3ISNxZvm8xOUQQgw==,D+,Computer Software,,,t,,HOsITU5YcO+YaFs4vXZ/iA==,,DB74kZ+Q/JgbtbJ0046WHw==,,,,J9qZbS8uXw0rU/ELIEw3sw==,9180405,Never active.,,0,+7igq+COaxeDmUWJwwgrWw==,New York,,2020-03-17 16:51:47 UTC,15064353,http://srs-health.com,,
402952913,f,2020-03-18 02:08:49.992 UTC,,,,64180,h4CclUlI2KIFB77jZIKBsw==,,raDXUd5qKjIPQPQhg8w53A==,8lPv4wLTKrJkp24M5lvnaQ==,2019-07-11 19:28:37 UTC,,i21nEAK9tUpE3URfxc0DyA==,2019-09-04 08:34:07 UTC,,QEaGoY7B8nGfro2vhOCMvA==,https://fivetran.my.salesforce.com/0031G00000ts74sQAA,,TOhvIuJn4BulJcTkX076NA==,139,,JaTne/DnUgasCh9xwzzGrg==,D+,Legal Services,,,t,,dWkmxDjHtVP+vm/4E2GY8Q==,,0dBRgwPmFwzpu4vBvVQkjA==,,,,,9180397,Never active.,,0,+7igq+COaxeDmUWJwwgrWw==,New York,,2020-03-17 18:16:41 UTC,15064353,http://innocenceproject.org,,
402952911,f,2020-03-18 02:08:49.991 UTC,,,,64180,h4CclUlI2KIFB77jZIKBsw==,,raDXUd5qKjIPQPQhg8w53A==,8lPv4wLTKrJkp24M5lvnaQ==,2019-07-11 19:28:36 UTC,,gsvmWk9OHH9iT2nPtIbzwQ==,2019-09-04 08:34:07 UTC,,QEaGoY7B8nGfro2vhOCMvA==,https://fivetran.my.salesforce.com/0031G00000ts74tQAA,,mPT+hL2ZgIWFyKNiKOFziA==,139,,P1pp+vA2e+Vt+yOxeuc2pg==,D+,Legal Services,,,t,,sz2F/LEWfK5Gqyiy102eRg==,,u4781Kskcwt8006IrDkIeA==,,,,,9180397,Never active.,,0,+7igq+COaxeDmUWJwwgrWw==,New York,,2020-03-17 18:16:41 UTC,15064353,http://innocenceproject.org,,
402952909,f,2020-03-18 02:08:49.990 UTC,,,,64180,h4CclUlI2KIFB77jZIKBsw==,,raDXUd5qKjIPQPQhg8w53A==,8lPv4wLTKrJkp24M5lvnaQ==,2019-07-11 19:28:35 UTC,,X3ezZGrbX1eLd8HjXNu71g==,2019-09-04 08:34:07 UTC,,QEaGoY7B8nGfro2vhOCMvA==,https://fivetran.my.salesforce.com/0031G00000ts74uQAA,,cY/KL5cx1iVSIS1jVD0Nqg==,139,,tw4qDYVbTcex6jSoqdEDBQ==,D+,Legal Services,,,t,,sz2F/LEWfK5Gqyiy102eRg==,,2kZgcBqPOL9JVjQsldh9IQ==,,,,,9180397,Never active.,,0,+7igq+COaxeDmUWJwwgrWw==,New York,,2020-03-17 18:16:41 UTC,15064353,http://innocenceproject.org,,
402952907,f,2020-03-18 01:09:26.409 UTC,,,,64180,h4CclUlI2KIFB77jZIKBsw==,,raDXUd5qKjIPQPQhg8w53A==,8lPv4wLTKrJkp24M5lvnaQ==,2019-07-11 19:28:34 UTC,,Eyf/91AwDzrXxBM+8YfDUw==,2019-08-14 11:57:58 UTC,,QEaGoY7B8nGfro2vhOCMvA==,https://fivetran.my.salesforce.com/0031G00000ts750QAA,,9PW8E8lMbxuTvw3sfY2s+A==,139,,gFbfCIIICnwdNvGQ8jH5GQ==,D+,Legal Services,,,t,,sz2F/LEWfK5Gqyiy102eRg==,,To+f8B2nZavBONUuNdPDUw==,,,,,9180397,Never active.,,5,+7igq+COaxeDmUWJwwgrWw==,New York,,2020-03-17 17:16:23 UTC,15064353,http://innocenceproject.org,,
402952903,f,2020-03-18 01:13:05.131 UTC,,,,64180,NckxfgEhwR4yGZ+Uq2qL6A==,,raDXUd5qKjIPQPQhg8w53A==,8lPv4wLTKrJkp24M5lvnaQ==,2019-07-11 19:28:33 UTC,,cWlfYagr/6qZBYVJbeGFQQ==,2019-08-14 13:36:37 UTC,,QEaGoY7B8nGfro2vhOCMvA==,https://fivetran.my.salesforce.com/0031G00000ts751QAA,,uEvnwV5gpfMOWSvoBWjpyQ==,139,,h1/sxlOmNHbfeB6ysJ0zPQ==,D+,Legal Services,,,t,,CU5fMfzCLcGgGUY3reTR0g==,,FuJe3OPSsiYKt+PNU+flZQ==,,,,,9180397,Never active.,,5,+7igq+COaxeDmUWJwwgrWw==,Louisiana,,2020-03-17 17:51:00 UTC,15064353,http://innocenceproject.org,,
402952901,f,2019-10-23 02:09:18.634 UTC,,,,64180,,,raDXUd5qKjIPQPQhg8w53A==,,2019-07-11 19:28:32 UTC,,ileANmcU+2HoTm0nVjBmVg==,2019-09-04 08:34:07 UTC,,QEaGoY7B8nGfro2vhOCMvA==,https://fivetran.my.salesforce.com/0031G00000ts752QAA,,6PgaIa1Fyw8GRsAAq5QgYg==,139,,Pgb6OSfL306dk7pFQazOhg==,D+,Legal Services,,,t,,sz2F/LEWfK5Gqyiy102eRg==,,2EBTjeC6DFgmjlSppJ8pqw==,,,,,9180397,Never active.,,0,+7igq+COaxeDmUWJwwgrWw==,,,2019-10-22 18:27:54 UTC,15064353,http://innocenceproject.org,,
402952899,f,2020-03-11 15:08:46.566 UTC,,,,64180,,,raDXUd5qKjIPQPQhg8w53A==,,2019-07-11 19:28:31 UTC,,gX940LJEmqLOUSEHDJ3jwg==,2019-08-05 15:29:51 UTC,,QEaGoY7B8nGfro2vhOCMvA==,https://fivetran.my.salesforce.com/0031G00000ts753QAA,,YPJwSW9wTlScygtIYaiZ8Q==,139,,LBidqvWVIYEjZPnDQEArkg==,D+,Legal Services,,,t,,sz2F/LEWfK5Gqyiy102eRg==,,+1aRa3sRuBzRX/4WMNS6eQ==,,,,,9180397,Never active.,,0,+7igq+COaxeDmUWJwwgrWw==,,,2020-03-11 07:45:18 UTC,15064353,http://innocenceproject.org,,
402952893,f,2020-03-18 00:12:47.140 UTC,,,,64180,/ZM4WTsaXsF2YWuOu7kNLA==,,eNlbBxO6Om3maBNBZbzKlg==,8lPv4wLTKrJkp24M5lvnaQ==,2019-07-11 19:28:28 UTC,,yZFqmJqMBeVhrXmfC/n35Q==,2019-08-05 15:44:36 UTC,,QEaGoY7B8nGfro2vhOCMvA==,https://fivetran.my.salesforce.com/0031G00000ts756QAA,,dUdcG+rtXFNLfpW9JRSB5A==,81,,IPGut4GdeFhoTImNHpjBuw==,D,Hospital & Health Care,,,t,,z4ESFUPwjXYsia3QEs3XBw==,,fIe34Z1SzYZjIjyta5Izqw==,,,,8THYTyhKDSPxCYSUrjgZwg==,9180409,Never active.,,0,+7igq+COaxeDmUWJwwgrWw==,California,,2020-03-17 16:49:40 UTC,15064353,http://devero.com,,
402952889,f,2020-03-18 02:08:49.989 UTC,,,,64180,JZcYYOe8DkKvpeCb/FDI8Q==,,OZoLgXsXRW+mG6gPn57ZbA==,8lPv4wLTKrJkp24M5lvnaQ==,2019-07-11 19:28:27 UTC,,Iat4GVtDWpKQEo9FJqniSQ==,2019-09-04 08:32:42 UTC,,QEaGoY7B8nGfro2vhOCMvA==,https://fivetran.my.salesforce.com/0031G00000ts757QAA,,lyUGCQfisHo75AodALqLdw==,103,,vEpMkFndiWEN/qn2MoQXcg==,D,Marketing and Advertising,,,t,,OneJYT53xoIvrzSXTCiuEQ==,,/8KYb/rxDSusEDFWoqBpiQ==,,,,9RG4LX03RmzjBC/y5RjzYQ==,9180375,Never active.,,0,+7igq+COaxeDmUWJwwgrWw==,Florida,,2020-03-17 18:16:41 UTC,15064353,http://bidtellect.com,,
402952887,f,2020-03-18 02:08:49.989 UTC,,,,64180,h4CclUlI2KIFB77jZIKBsw==,,OZoLgXsXRW+mG6gPn57ZbA==,8lPv4wLTKrJkp24M5lvnaQ==,2019-07-11 19:28:27 UTC,,tP/p1r8jl+ni2aHdfggukw==,2019-09-04 08:32:42 UTC,,QEaGoY7B8nGfro2vhOCMvA==,https://fivetran.my.salesforce.com/0031G00000ts758QAA,,W4ghuJU99+Vy0ipXY5SNGQ==,103,,bnrZuMvRUBDLOegNgNfnUw==,D,Marketing and Advertising,,,t,,PfXjH03phsuSEBd8/vRGzw==,,iOUTn4az3vvOmYFXALLq9A==,,,,GUWSIuOEZzyOOXAMAuUDJw==,9180375,Never active.,,0,+7igq+COaxeDmUWJwwgrWw==,New York,,2020-03-17 18:16:41 UTC,15064353,http://bidtellect.com,,
402952885,f,2020-03-18 04:15:58.397 UTC,,,,64180,oe3/F+wEZMTASNJdJbznWg==,,OZoLgXsXRW+mG6gPn57ZbA==,8lPv4wLTKrJkp24M5lvnaQ==,2019-07-11 19:28:26 UTC,,tOpSUYKSmQbtLX5usPy+Zg==,2019-08-14 11:46:11 UTC,,QEaGoY7B8nGfro2vhOCMvA==,https://fivetran.my.salesforce.com/0031G00000ts759QAA,,hv31ueadm7B+lRvRGOJRqw==,103,,3dEceDKCTVCKGklZSf/0tQ==,D,Marketing and Advertising,,,t,,V1KCZgmkGI7ZBUTHTIdmbA==,,Xk9fncuX2zvzyQk/UY+t5A==,,,,Ki1V4KeM8DWvOYSj4PLHCg==,9180375,Never active.,,20,+7igq+COaxeDmUWJwwgrWw==,California,,2020-03-17 21:14:34 UTC,15064353,http://bidtellect.com,,
